{
  "piorCaso": {
    "bubble": 1.0501989999999999,
    "merge": 0.5413330000000001
  },
  "casoMedio": {
    "bubble": 0.945043,
    "merge": 0.6212189999999999
  }
}